Name,email,password,phone,Location,Interest/expertise,Type,Achievements
Carrie Hopkins,cheyenne15@scott-johnson.info,^^98eKu*O7,001-039-495-9576x9488,South Ronnie,"Geography, Economics",Student,Published Author
Robert Carroll,alexander01@yahoo.com,X(8PAnzzM1,001-777-224-1866x527,Mccarthyside,"Mathematics, Biology, Physics",Tutor,STEM Fair Winner
Tommy Kirk,hensleychristine@nelson.com,h6gMdBqF(),001-644-405-4697x35593,Huffstad,"Economics, Chemistry",Student,Certified Trainer
Jill Thornton,joshuabutler@gmail.com,N&37QtRl!H,828-933-8534,South Courtneychester,Geography,Tutor,Olympiad Winner
Joshua Sanchez,davidfisher@hotmail.com,I$JP3Yp7ES,0928642588,West Laurie,Geography,Institution,Experienced Educator
Elizabeth Scott,kimberlyfriedman@gmail.com,c9*gLm&E_s,657-059-9264x23199,Brentshire,Physics,Student,Olympiad Winner
Andrew Vasquez,kristajackson@dixon.com,5L$1c#Acj2,001-752-157-4250x56987,Donnaton,"History, Political Science",Tutor,Published Author
Amanda Mcbride,chungjacob@hall.org,(1nnTNvaLt,+1-653-716-9203,South Bethany,"Mathematics, Physics",Student,Research Scholar
Jessica Wright,griffithkelsey@gmail.com,$!ULe)Ufx7,+1-650-659-3505x65464,Heiditown,History,Tutor,National Rank Holder
Samuel Walker MD,ryanortiz@morales.biz,#Qx5Qn*tC@,860-496-9971x62794,Raymondfurt,Political Science,Institution,Olympiad Winner
Peggy Meyer,taylor79@yahoo.com,g4Or9KsK$w,935-527-2123x969,East Gabriella,"Computer Science, History, Economics",Tutor,Experienced Educator
Mario Walters,edwardjackson@hotmail.com,!3s7Eirpd%,689-827-9669x242,Wilsonport,"English, Biology, Mathematics",Institution,Certified Trainer
Dawn Taylor,cheryl21@chapman.com,^qI!()NgB5,097.001.0347x22739,Singletonmouth,Economics,Institution,Research Scholar
Sarah Johnson,anthony01@sloan-lynch.com,+S1siLgc6n,864-094-4610x1315,Lake Nicholastown,English,Student,Research Scholar
Sarah Baker,acarroll@willis.biz,GK%^L3Xsh0,001-492-213-2764x811,North Micheal,"Computer Science, Chemistry",Tutor,National Rank Holder
Scott Smith,robertallen@ruiz-price.net,k5EcKC9k%q,001-565-982-8936x429,Lake Baileychester,Biology,Tutor,Published Author
Angel Young MD,mclaughlinchristopher@gmail.com,aA7UyzgCF$,5931551898,South Michaelstad,"Geography, Chemistry, Mathematics",Tutor,Research Scholar
Robert Chavez,stephenmatthews@jackson-brooks.info,8hZZIKfp^Z,(728)105-5631,Lake Tami,"Mathematics, Computer Science, Political Science",Institution,Published Author
Michaela White,markduffy@yahoo.com,Pv&u2Cvj)x,+1-128-363-4114x9214,New Stephanie,Political Science,Tutor,Top Performer
Matthew Stevens,jadecooley@yahoo.com,nzR8Gxtb*8,912.092.0700x508,Edwardsside,"Computer Science, Geography",Tutor,STEM Fair Winner
Trevor Anderson,drakekenneth@lopez-edwards.com,$c5RrZlbW8,939.865.9929,Zunigabury,"Geography, Chemistry",Institution,Experienced Educator
Douglas Khan,michaelsmith@marquez-murray.info,TYCkPtmv%8,083.282.0393x671,Williamstown,English,Tutor,Olympiad Winner
Brandon Fox,tammycalhoun@hotmail.com,Wl95Qs&59%,432.218.3491x11847,Campbellside,English,Tutor,Olympiad Winner
Tara Hoffman,ohanson@gmail.com,mvL)zz4i@4,261.705.8102x3933,Aprilland,Economics,Institution,Certified Trainer
George Ward,kparks@watson.com,!(8V%2UpSU,+1-022-352-7858,Port Timothyton,"Political Science, Computer Science, Biology",Institution,STEM Fair Winner
Spencer Chavez,davidesparza@yahoo.com,!wH1QUTn3E,888.680.9887x822,Daletown,"Chemistry, Computer Science",Tutor,National Rank Holder
Kenneth Hughes,robertharrell@gmail.com,@2SUFneJ_&,9030742329,North Oliviafort,"English, Economics",Student,Published Author
Elizabeth Webb,brian48@gmail.com,+4aXyKcCo#,001-876-329-0929x70921,East Jennifer,"Computer Science, Biology, Chemistry",Student,Research Scholar
Diane Gonzalez,andradecaleb@weiss-perry.com,+*QMqkgR8m,+1-265-271-2065x149,New Tammy,Computer Science,Institution,Top Performer
Alexander Reynolds,scarrillo@gmail.com,c)8BsFfl%w,965-473-9422,New Valeriestad,"Mathematics, Biology, Physics",Tutor,Olympiad Winner
Amanda Li,jamesshaw@guerrero.com,hJE2JEyG&#,090-546-9472x954,Wilsonbury,History,Student,STEM Fair Winner
Donna Clark,johnsonjames@gmail.com,M@cd6EhQp),(087)270-3921,New Arianaburgh,Computer Science,Student,Research Scholar
Jonathan Rojas,carolynwillis@yahoo.com,!&4EUD4jL+,162-616-1006,Davidburgh,"Political Science, Biology, Economics",Student,STEM Fair Winner
Carla Torres,bondkelly@gmail.com,i7wHaXwz)P,(348)984-1888x17881,Robertfort,Biology,Tutor,Certified Trainer
Kristen Howard,james98@hotmail.com,dm4Q7HfYD_,001-424-249-7205,Lake Penny,Physics,Student,Gold Medalist
Joseph Marshall,michelle30@allen.com,SJJ5o_Tw)W,343.243.7244x61158,Brownmouth,"History, Geography, Biology",Tutor,Top Performer
Linda Gibbs,brewermichael@price.com,_h0tVcvVr%,(833)614-8483,Barnesstad,"English, Political Science, History",Tutor,Gold Medalist
Joshua Ray,michelle06@delgado-hartman.com,+Q&D0EVjoG,+1-027-466-4297x67740,South Taylorborough,History,Institution,STEM Fair Winner
Justin Greene,rodriguezgeorge@newton-schmidt.biz,($XM@th1B7,(668)462-3153x6107,Savageburgh,Political Science,Tutor,Top Performer
Michele Moreno,laurenmayo@miller.com,_&@1UIzASz,238-257-6284,Randallview,"Chemistry, History, Geography",Student,Olympiad Winner
Matthew Gonzalez,justinsmith@gmail.com,@5U!No5pVt,856.714.4088x728,Mccarthyborough,Political Science,Institution,Certified Trainer
Adam Alvarado,nguyenjessica@yahoo.com,Vz4$sLFbr*,001-453-334-5257x759,Rebeccatown,"Economics, Chemistry, Geography",Tutor,Published Author
Charles Salinas,danielwilliams@gmail.com,7H5!F5VjP%,370.182.8811,North Jamesfurt,"Biology, History, Computer Science",Student,National Rank Holder
Mr. Jay Burke DVM,fordkelly@gomez.com,*0K5CPffoo,+1-594-350-1783,East Davidmouth,History,Institution,Experienced Educator
Jacqueline Gray,anthonygomez@wolf-alvarez.com,)r3EihwvIb,238.978.5511,South Karen,Computer Science,Tutor,Top Performer
John Walton,chensean@garner.org,tvj5wQBF0^,+1-199-230-6429x646,Stevenshaven,Physics,Institution,STEM Fair Winner
Heather Shannon,eedwards@gmail.com,)46NZXe4Xc,(065)626-7375x9980,West Steve,"Computer Science, Biology",Institution,STEM Fair Winner
Jon Murphy,ericacarter@whitehead-glass.biz,M&2SAq0o2N,640-735-6712,Navarrofort,"Biology, Geography",Institution,Experienced Educator
Lisa Valdez,lisagates@gmail.com,(%78TIvepx,355-308-5866,Jonestown,"Computer Science, Mathematics",Institution,STEM Fair Winner
Larry Santos,carlapratt@johnson.com,r!6(k_NpT@,0265796755,Garciamouth,"Biology, History, Chemistry",Institution,Research Scholar
Heather Durham,riverashawn@hotmail.com,(v0CjOM!t3,+1-208-736-3317,Ruizmouth,"Geography, Biology",Student,Olympiad Winner
Leah Reed,megan96@gmail.com,3y6U&j0t!T,573-034-4224x34323,Brownside,"Mathematics, Chemistry",Institution,Experienced Educator
Jordan Wilson,valerie16@yahoo.com,4gCnR_&s&o,001-866-190-5100x03489,Grahambury,"Computer Science, History, Political Science",Tutor,Published Author
Susan Barnes,comptonsamantha@gmail.com,ceq#4OSm#n,221.890.0704x24232,Lake Michellechester,"Economics, Physics",Tutor,Olympiad Winner
Phillip Russo,wilsonmichael@freeman.com,_0*IQS^rGb,(553)429-0270,Lisabury,English,Tutor,Published Author
Terry Castro,bradley71@gmail.com,tk68#Kqo&%,(140)026-7205x055,South Megan,"Economics, Mathematics",Tutor,Gold Medalist
Mrs. Elizabeth Perry DDS,lmyers@hotmail.com,(93LEiZ7*U,+1-961-404-0649x10691,East Sarahaven,Chemistry,Student,Gold Medalist
Jason Mason,julie33@gmail.com,)RCvXFc8@3,445.145.7186x599,Tinatown,Biology,Institution,Certified Trainer
David Welch,gregoryrobinson@howe.info,&on!hVRzv5,867.928.7767,South Matthew,"History, Physics",Tutor,Published Author
Krystal Johns,jthompson@jackson-little.net,UJD6pdMc_),001-837-032-2978,South Dawn,"Physics, History",Student,Olympiad Winner
James Hicks,jonathan88@singleton.com,mIlF^q3i&0,+1-363-600-1710x027,North Shaunberg,"Computer Science, Economics, Chemistry",Tutor,Top Performer
Karen Freeman,cpena@garza.org,c+*!6IpCKK,001-719-332-9858x0132,Travistown,"English, History",Institution,Top Performer
Charles Cooper,zfox@jackson.info,as($JR^h+3,479-227-3898x4350,Port Matthewberg,Biology,Tutor,Olympiad Winner
Robert Hatfield,bsmith@yahoo.com,!4El_0wk#z,001-199-864-0011,Jessicaborough,"Computer Science, Mathematics, Chemistry",Tutor,Gold Medalist
Troy Moore MD,hwallace@riley.com,&35wPRiU^t,+1-311-134-6354x5224,Dicksonport,"Economics, History",Tutor,Published Author
Blake Riley,danieljuarez@steele.info,R%2UClRpm(,+1-964-161-8582x4815,Port Kimberlytown,"English, Physics",Institution,Experienced Educator
Marie Smith,timothyjackson@burnett.com,P&#Ziraf$4,001-175-249-2680x3692,Robertsview,"English, Mathematics",Institution,Olympiad Winner
Anthony Moreno,andersonjennifer@gomez.net,)(3MuTolRy,592.462.5016x21748,Amyside,"History, Geography",Institution,STEM Fair Winner
Melissa Flores,lindsayhughes@wallace.com,c69V5ZTo#!,757.444.0852x2733,Atkinsonberg,"Economics, Mathematics",Student,Research Scholar
Edward Johnson MD,antoniobowman@yahoo.com,%KDf6Kr!*7,+1-188-920-6067x329,New Jennifertown,"Biology, Chemistry, Computer Science",Institution,Olympiad Winner
Brendan Daniel,hsmith@martinez.com,DrY6MLzH&V,001-376-082-0615x2361,Cherylport,Political Science,Institution,Olympiad Winner
Lisa Richards,jessica88@hotmail.com,(nIviGdEw4,+1-535-053-5147,New Jennifer,Political Science,Tutor,Published Author
John Bonilla,margaretmartinez@hotmail.com,*4FW^zMj!O,+1-070-146-6244x0106,East Barbara,"Mathematics, English, Computer Science",Student,Certified Trainer
Laura Young,ucollins@yahoo.com,ZhjtBW^k+5,835-240-5593x945,New Markstad,Chemistry,Tutor,Experienced Educator
Julie Hill,jasonfoster@hotmail.com,q1AeKPx%^a,6177628906,West Pamela,"Chemistry, Political Science, English",Tutor,STEM Fair Winner
Brad Leblanc,tbooker@finley-coleman.com,V$3HwV$nki,194-884-2995x27422,Lewiston,"Computer Science, Chemistry",Institution,Gold Medalist
Peter Camacho,tiffanysmith@hotmail.com,1!ELT6ds)4,(740)068-4124,Lynnhaven,Mathematics,Tutor,National Rank Holder
Erika Li,grodriguez@chandler.com,Tld9$8GmP_,967.339.7936x74231,Courtneyview,"Economics, Geography, Chemistry",Student,Research Scholar
Mr. Daniel Ellis,lholmes@hotmail.com,1_x+7XkhW@,(836)524-6149,Sarahmouth,"History, Physics, Mathematics",Institution,Certified Trainer
Brandon Parker,bbowers@floyd.com,^9F2YjRVsu,952.418.3994x404,Marcside,"Computer Science, Geography",Student,Published Author
Jordan Hudson,bwhite@pena.com,%XW^IiFdo9,001-803-747-2282,North Jake,"Mathematics, Chemistry",Institution,STEM Fair Winner
Lisa Saunders,vowens@hotmail.com,f6VEkNtr_j,402.906.7867x934,Taylorshire,"English, Geography",Student,Gold Medalist
Jessica Green,jonesclaire@yahoo.com,JMzY22ZgS%,001-364-410-0405,New Kennethshire,"English, Physics, Biology",Tutor,STEM Fair Winner
Michele Lester,nicholsjennifer@whitaker-allen.org,1ev6W0twI+,(004)824-4166,New Amy,Chemistry,Tutor,Gold Medalist
David Davis,lopezbethany@hotmail.com,k5(6k7Ou6%,(195)310-3083,Johnsontown,"Mathematics, Computer Science",Institution,Research Scholar
Emily Dunn,lopezedward@yahoo.com,%X0zV$yn_Z,(665)968-4038x071,East Aaronfort,English,Student,National Rank Holder
Stephen Nguyen,vwhite@hotmail.com,_8Cvb)lrEF,(578)878-4179,Garrettberg,"Mathematics, Geography, Chemistry",Institution,Certified Trainer
Kristina Henry,jodi98@hoffman.biz,@%)Vn&kZO6,009.226.0898x68725,Lake Robertburgh,"English, Geography, Physics",Student,Research Scholar
Caroline Martin,flynndavid@porter.info,(G+mbZXk3F,(458)203-4816,Scottville,Economics,Tutor,STEM Fair Winner
Jamie Johnson,bporter@armstrong-sanders.net,C+qU3YNq_3,408-630-9423x158,Alexandermouth,Economics,Student,National Rank Holder
Elizabeth Gibson,jacob21@robinson.com,#aC3jFOx!Y,268.886.9756x35827,Harveyville,Computer Science,Tutor,Gold Medalist
Kelly Page,chris86@yahoo.com,*)7PCvOm3M,(273)250-4927,Youngberg,"Chemistry, History",Tutor,Top Performer
Richard Williams,michaelpeterson@yahoo.com,3t@HQ0nk$c,322-310-5334,West Charles,"Computer Science, Economics, History",Tutor,Experienced Educator
Jennifer Gardner,dsmith@collins.com,$dM*90KZe0,120-611-3097x865,New Jessicatown,"Computer Science, Mathematics",Tutor,Olympiad Winner
Andrea Ruiz,meyerlawrence@hotmail.com,D$XX7unf%5,001-830-307-4630x855,Lauraview,History,Tutor,Experienced Educator
Lisa Riley,geraldsutton@gmail.com,Ke2rj2Naa%,+1-933-083-9046x8798,Annechester,"Mathematics, Biology, English",Student,Gold Medalist
James Baker,meganking@hotmail.com,UQjSf0G$&2,430.152.6340,Lake Edwardland,"Physics, Mathematics",Institution,Olympiad Winner
Anthony Harris,samuelbrown@fuller-salazar.com,s6nDJsHI*_,001-609-296-2853x449,South Richard,"Chemistry, Mathematics",Institution,Gold Medalist
Diana Edwards,brittney33@yahoo.com,*DYeKb$n3E,0550600744,New Davidchester,"English, History",Tutor,STEM Fair Winner
Shawna Barnes,dianavalencia@obrien.info,mqc8y6Xi_v,3215839994,New Brianside,Political Science,Student,STEM Fair Winner
Linda Lewis,hjohnson@yahoo.com,#63ZHZjiUO,+1-043-207-0255x8754,Escobarfort,"Biology, Chemistry",Institution,STEM Fair Winner
Tara Sanders,urichard@hotmail.com,#9Vqi)Imf@,(002)118-9274x43152,Katiebury,History,Tutor,Top Performer
Vanessa Jones,armstrongkristine@yahoo.com,_i4FA*RgZS,001-268-471-5676x341,Clarkville,Computer Science,Institution,Top Performer
Vincent Benson,antonio97@miller-lynch.com,utm73OPFv@,+1-620-230-2086x147,Stricklandburgh,"Computer Science, Economics",Student,Olympiad Winner
James Ingram,bchristian@sellers.biz,X5TcMsTA^7,292.347.0126,Caldwellmouth,Computer Science,Institution,National Rank Holder
Jeffery Hunter,cunninghamdrew@kent.com,i0Y7XEPb)N,677.155.4619x44247,New Barbara,Computer Science,Student,Published Author
Jacqueline Sanders,lisa34@gmail.com,*33HuAt@y^,796.947.5322,New Johnhaven,"Geography, Mathematics, Chemistry",Student,Top Performer
Michael Butler,travis35@hotmail.com,9*0YQNLt!l,(820)525-6152x61489,Warrenside,"History, Biology, Computer Science",Institution,Published Author
Tanya Gaines,mayemily@washington-white.info,w4*m4OwD^f,9078365467,Holtmouth,"Political Science, Chemistry, History",Tutor,Top Performer
Craig Thompson,robert11@yahoo.com,^01Rtk!Jw&,001-565-745-2963,Johnfort,"Economics, History, Geography",Student,Olympiad Winner
Vanessa Oneal,brandonmoss@ortiz.com,CJn7^PCrz@,039-272-5865,Catherinehaven,"Chemistry, Mathematics, Economics",Student,Top Performer
Susan Moore,joycepaul@gmail.com,&8GXUxvAcR,925.962.1658x4902,Port Roger,"Political Science, Physics, History",Tutor,Experienced Educator
Lisa Watson,racheljones@yahoo.com,&@*g6TmcRv,(593)428-9002x36257,West Davidville,Biology,Institution,Certified Trainer
Maria Snow,smithbrian@hayes-lewis.biz,)0LHqR7aX3,+1-995-386-8507x58140,Baileyport,"Chemistry, Geography",Student,Gold Medalist
Daniel Graham,elizabeth31@gmail.com,a@7CA+Qpc%,573.205.2844,Lake Michelle,"Economics, Political Science, Biology",Student,STEM Fair Winner
Jose Smith,andrewmartinez@smith.com,#1@rFFcqB5,+1-620-469-6922,Simmonsland,"Political Science, Economics, English",Institution,Certified Trainer
Benjamin Burns,judy16@gmail.com,32p(I5Peto,(293)125-5372,North Jamesview,"Mathematics, Biology",Student,STEM Fair Winner
Jermaine Santiago,charles36@rodriguez-davis.com,K&4Q#EQyhz,132.572.1282x17847,Mirandaport,"English, Biology, Physics",Student,Olympiad Winner
Erika Cortez,lisaconrad@hotmail.com,&t0(1Q*lGb,(091)691-5117x721,Barneschester,"Physics, Political Science, History",Institution,Olympiad Winner
Donald Stokes,nelsonphillip@mora.com,y2z_COK8^t,(280)348-8668x227,Jenniferburgh,English,Tutor,Research Scholar
Bridget Mccarthy,walkerlisa@cortez-snyder.biz,c6PwCxj4@2,284-635-3919x56934,East Harold,"English, Biology",Tutor,Gold Medalist
Jeffrey Wong,james89@garcia-foster.com,)FR#jWL)1F,+1-124-060-2371x1696,Kevinville,Chemistry,Tutor,Olympiad Winner
Jacqueline Hawkins,byoung@scott-hale.biz,&$PVQ7Xjkz,+1-017-242-3580,Port John,"Geography, Political Science, History",Tutor,Certified Trainer
Richard Knapp MD,bowerskelly@dixon-dixon.org,r*51Y5&a+Q,(193)262-6101,Harrellview,"Economics, Biology, Chemistry",Institution,Gold Medalist
Michelle Morris,yross@gmail.com,$XOr!@e1T3,+1-173-994-6877x983,Lake Sheryl,"Mathematics, Biology",Tutor,Gold Medalist
Karen Malone,zbeltran@waters.com,T6aX5QCu$*,948.035.1665,East David,"Geography, Economics, Computer Science",Tutor,National Rank Holder
Charlene Perry,sarah08@johnson-greer.com,@pLzte^b$1,530-106-6130x14708,Danielview,"Political Science, Physics",Student,Research Scholar
Angel Rhodes,nancy60@yahoo.com,jnHz8Asg@&,491-534-2480,Evansfort,"Chemistry, Mathematics",Institution,National Rank Holder
Michael Bennett,angela61@francis-peters.com,V+1WiPmi)!,+1-981-519-1833x80630,Lynchborough,Economics,Institution,STEM Fair Winner
Larry Mccarty,charlesnorman@hotmail.com,ks+H!6Zhtf,+1-509-791-0867,Warnerhaven,Biology,Tutor,Olympiad Winner
Heidi Mcdaniel,murraymelissa@dyer-singh.net,3Np@ETIn_Y,885.150.5668,West Pamelachester,"English, Political Science",Student,Gold Medalist
Kathy Cole,sethestes@gmail.com,eM^G7APhW#,388.833.4973,Lake Davidstad,"Political Science, English",Tutor,Top Performer
Crystal Powell,jamesnolan@everett.com,@2E2A6Bi*k,322.994.6805x5759,West Kellystad,"Physics, Chemistry, Biology",Student,Experienced Educator
Caitlin Duncan,dfernandez@wilcox.com,)n8&IHFa*+,475-576-0923x5949,East Sally,"Chemistry, Geography, Physics",Student,Published Author
Edward Jarvis,johnevans@yahoo.com,!^6cMCRs+z,+1-399-639-8162,Michaelport,Physics,Tutor,Olympiad Winner
Laura Mullins,troymorrison@hotmail.com,N6SF_F1%@g,928-204-2271x74147,Stephanieside,"Economics, Chemistry, Physics",Student,Research Scholar
Frank Scott,torrescassandra@gmail.com,Ss2bSSih)E,(288)203-9924,Daniellefort,Economics,Student,Published Author
Anthony Pope,bcooper@cowan.biz,)6KSO8SAiO,607-392-4726x766,Masonborough,Biology,Student,Olympiad Winner
Chloe Olson,sabrina55@nelson-guerra.info,bq9LeOHpN@,717.563.5514x8682,West Jonbury,"English, History, Mathematics",Institution,Experienced Educator
Monica Church,fhernandez@santiago-ramirez.com,@dJS64TvP1,001-686-538-2473x41690,South Marcus,"Physics, Political Science, Economics",Tutor,Olympiad Winner
Lauren Dougherty,robin20@miller.com,*U1_qstc1E,900.005.8021,Michaelbury,"Chemistry, Physics, Geography",Institution,Gold Medalist
Jeffrey Martin,changjames@bell.biz,veATH2Xd#8,(363)252-9979,Port Davidburgh,"History, Chemistry",Tutor,Research Scholar
Rodney Rose,victoriajenkins@smith.net,%+39XDg!RX,046-358-6399x2651,South Chelsea,"Computer Science, English, Chemistry",Student,Experienced Educator
Rebecca Matthews,osmith@morris.info,(LCLAV@gr9,(619)712-1790,Port Derek,"History, Biology",Institution,Olympiad Winner
Michael Richards,wallsveronica@gonzalez-bridges.org,!Y9ii7HgA2,360.727.0562x2332,West Michael,"Physics, History, Political Science",Tutor,National Rank Holder
Amy Parker DDS,wilsonmark@gmail.com,&C7ZWiCEq4,001-681-209-5439x32687,West Nicolebury,"Chemistry, Economics",Institution,Top Performer
Stephanie Frederick,michael24@gmail.com,m*484$Pudp,001-134-813-8814x18905,Michaelside,Physics,Institution,Top Performer
Derek Hartman,frodriguez@yahoo.com,$tzDpyFs4),773.033.8601x91879,West Jenniferland,Biology,Tutor,Olympiad Winner
David Stephenson,jefferyward@yahoo.com,AE6WH2Yv!3,538-056-1583x806,Port Benjaminville,Physics,Tutor,Top Performer
Brad Livingston,gloverjohn@schwartz.com,_#1V+hRwLQ,001-884-070-7629x94537,South Kyle,Political Science,Student,Research Scholar
Ryan James,darlene50@lynn.com,$81$TcZc#a,850-913-6506x034,Powersfort,"English, Biology, History",Student,National Rank Holder
Chase Duarte,owilliams@yahoo.com,2rhF7L(X+9,+1-866-403-8524x33062,Mariafurt,"Biology, Computer Science, English",Tutor,Research Scholar
Wanda Mayer,bdavis@hotmail.com,qCv0Dg4w)C,(510)713-4247x4986,Robertmouth,"Computer Science, Geography",Tutor,Olympiad Winner
Tina Mclean,elizabeth44@jimenez-booth.com,#ja5IF4u9J,+1-140-258-4094x470,South Alexandra,Biology,Student,Research Scholar
Melody Hardin,palmerchelsea@yahoo.com,175YC*Db)#,5746541273,Ferrellport,"Political Science, Computer Science",Tutor,Experienced Educator
Carrie White,carolcruz@yahoo.com,51rc8Ytr_R,9103833103,Avilaport,English,Institution,Olympiad Winner
Ryan Franklin,vpugh@glass.com,y1Du$PH$^C,+1-663-455-0785x8012,South Kylemouth,"English, History, Biology",Institution,STEM Fair Winner
Mrs. Melissa Sparks,wardgeorge@greene-greene.biz,XY0dQl)X@6,588.066.8608x4634,East Christopherview,History,Student,Top Performer
Jesse Wise,michaelpena@lynch.com,)k5%AC1f%#,242-075-7216x36026,Goodmanburgh,"Biology, Political Science",Tutor,Research Scholar
Jessica Nguyen,michael97@cox-crosby.info,4sPAizx1(W,+1-002-152-0204x4709,Fordborough,"Computer Science, Chemistry, History",Tutor,Experienced Educator
Christian Watson,colemanjessica@hotmail.com,9)iDRMWs*n,384.683.2519,West Lorrainetown,"Economics, Computer Science",Institution,Gold Medalist
Patricia Novak,hclark@gmail.com,6v7lwQzu$&,(284)844-7617,Port Jefferyview,"Political Science, English, Chemistry",Tutor,National Rank Holder
Benjamin Webb,whiteaustin@hotmail.com,1UH6LmBjQ$,+1-070-374-3552,Lake John,Mathematics,Institution,National Rank Holder
Garrett Spencer,hmiranda@yahoo.com,V1R9e@kZ!^,394-433-0326x68560,New Matthewstad,"English, Mathematics",Tutor,National Rank Holder
Chase Lee,hwalters@davidson.biz,()e#@J^k1L,+1-729-379-6073x16956,Brandonside,English,Student,Gold Medalist
James Phillips,ortizmichael@kirk.com,X#4gK6Vc43,(191)879-9850x07520,South Megan,"Physics, Chemistry, Geography",Institution,Research Scholar
Glenn Walker,walkerbrian@yahoo.com,@9FQRM5r3f,602.343.5701x72872,Lake Aaron,"Political Science, Physics",Institution,National Rank Holder
Rodney Herrera,lespinoza@mcgrath.net,*h(1qMnkFH,+1-854-013-7922x3604,Lake Johnton,"English, Geography, Computer Science",Tutor,Published Author
Erica Anderson,andrea94@hampton.com,$6jNU%jAv@,227.907.1262x8203,Maryport,"Mathematics, English",Student,Research Scholar
Annette Anderson,ortizjeffrey@robinson.net,z*ef2Q(eQq,(058)856-5781,Port Kevinberg,"Economics, Biology",Institution,Published Author
Diana King,paulpotts@sanchez.com,(2+uNsZkgB,+1-795-385-7035x912,North Jillhaven,"Economics, Chemistry",Student,Olympiad Winner
Michelle Blevins,smithdavid@tucker.info,)4RqDnqyKH,001-228-731-8562x914,West Emily,"Geography, Biology",Student,Experienced Educator
Christy Little,qwolfe@flores-valdez.com,76pM5Uh!^Z,+1-879-545-9963x65439,Joneston,"English, Geography",Tutor,Research Scholar
Ashley Williams,mccannpaul@gmail.com,)CSZObgg3_,656.715.0030x344,New Zacharyfurt,"Chemistry, Computer Science, Political Science",Institution,Olympiad Winner
Jane Lopez,lellis@yahoo.com,_1AvNMUtdl,001-594-255-0927x95536,Port Rachel,"English, Economics, History",Institution,STEM Fair Winner
Joyce Snyder,hkline@cordova.net,V3$58IHo4f,773.462.0669x2616,Walkerchester,"Biology, Economics, Mathematics",Student,STEM Fair Winner
Michael Hernandez,misty80@wallace.com,$0Bc2qXW&2,739.823.3067x424,North Jasonhaven,"Computer Science, Biology",Institution,National Rank Holder
Hunter Brown,kimberlyramsey@smith.org,^0s8bsYy*g,+1-118-267-3882,South Jordan,"Mathematics, History",Institution,Certified Trainer
Katherine Stewart,luis31@christensen-smith.com,@(3t5Sj2cT,627.751.0568,Tylerland,Political Science,Institution,Top Performer
Jennifer Jones,gallegoskevin@johnson-johns.com,*DbjJKsrN6,001-092-171-7420x2408,Scottview,History,Institution,Certified Trainer
Terri Frederick,philip87@moore.com,1eVWUUcl*j,080-241-6717x4737,Lake Ashleymouth,Geography,Institution,Experienced Educator
Dustin Cruz,hicksrhonda@yahoo.com,Q@3K7Vd*_^,407-353-1721x578,North Tristanborough,"Economics, Computer Science, Mathematics",Student,Published Author
Michael Phillips,steven43@yahoo.com,o99yEr9o)B,825-206-3470x898,Lake Dennis,"Geography, Mathematics, Political Science",Tutor,National Rank Holder
Vanessa Vance,danielsharry@gmail.com,!XDMyUppu0,+1-183-488-3365x46089,West Taraville,"Biology, Physics, Computer Science",Tutor,Olympiad Winner
Anthony Perez,beckerryan@hotmail.com,3&5U#Pgywy,(662)687-2168x3877,Frederickmouth,"Mathematics, Biology",Student,Published Author
John Stewart,uwhite@gmail.com,NoMYO2JxJ%,395-868-8981x2232,Markfort,"Chemistry, Political Science, English",Tutor,Certified Trainer
Alicia Warren,dawn36@rojas.com,E)08R8QfTX,+1-058-818-9857,Port Aaronview,"Economics, Biology",Tutor,Certified Trainer
Jared Campbell,millerfrank@gmail.com,a!*3IMwn+7,685-864-5861,Heatherport,Economics,Tutor,Olympiad Winner
Joshua Chambers,tanner69@king-sloan.com,5gkHO)Pg!5,(368)406-0644,North Danaland,Economics,Student,Top Performer
John Peters,victorbrown@gmail.com,(G2wUl+&_8,(609)114-7804x897,New Juliaport,Mathematics,Student,Top Performer
Samuel Mcclure,joseph87@martinez.org,#kX(t&ln96,(255)617-4747,Port John,"Chemistry, Computer Science, Physics",Institution,Experienced Educator
Jesus Collins,lori75@espinoza.info,1##CdEHX+@,(382)283-9313,Laurahaven,"Chemistry, Biology, History",Student,National Rank Holder
Melissa Salinas,emily29@delacruz.org,d6M4B@v^&T,(048)082-6659x8616,Adamsville,Mathematics,Institution,Published Author
Julia Garcia,kmiles@yahoo.com,%F*3Tc)Jq9,358.828.7195x0607,Sharonland,Geography,Institution,STEM Fair Winner
George Goodman,jdiaz@hotmail.com,(Gc77Kol&c,+1-686-651-8684x32166,Joshuabury,"Geography, Political Science, Biology",Tutor,Certified Trainer
Wendy Martin,gallowayrobert@fritz.com,u$D6Wdz*fg,001-598-257-8535x36283,Mariastad,"Computer Science, Physics",Student,Research Scholar
Robert Shields,jonesmarvin@blackburn.com,2!NHso6w(1,7604470405,Port Melissahaven,"History, Physics",Student,Gold Medalist
Patricia Miller,cardenaskathryn@watts.com,@N!OB&vf%6,001-564-461-4769x009,Justinberg,"History, Physics, Geography",Student,Published Author
Brian Williams,garylee@yahoo.com,@9p6kpFss#,951-448-1949x52757,Lake Amyton,"Geography, Physics",Student,STEM Fair Winner
Francisco Marshall,brucechristina@gmail.com,T&x2UtctRn,166.347.4766,Bellborough,Mathematics,Tutor,National Rank Holder
"Swap","King@kolkata.com","12345678","999999999","Bengal","Chemistry","Student","None"
